<?xml version="1.0" encoding="UTF-8" standalone="yes"?>
<addon id="plugin.makemkvbluray" name="BluRay Player with MakeMKV"
	version="1.1.0" provider-name="Magnetism">
	<requires>
		<import addon="xbmc.python" version="2.0" />
	</requires>
	<extension point="xbmc.python.pluginsource" library="default.py">
		<provides>video</provides>
	</extension>
	<extension point="xbmc.service" library="service.py">
  	</extension>
	<extension point="xbmc.addon.metadata">
		<summary>Play BluRays from XBMC with MakeMKV</summary>
		<description>Awesomeness </description>
		<platform>all</platform>
	</extension>
</addon>
